Id,Name
"b'b\'b""b\\\'st4\\\'""\''","b'b\'b""b\\\'Doe\\\'""\''"
"b'b\'b""b\\\'st5\\\'""\''","b'b\'b""b\\\'Test\\\'""\''"
"b'b\'b""b\\\'st6\\\'""\''","b'b\'b""b\\\'Gp\\\'""\''"
"b'b\'b""b\\\'st7\\\'""\''","b'b\'b""b\\\'Demo\\\'""\''"
"b'b\'b""b\\\'st1\\\'""\''","b'b\'b""b\\\'Gopal\\\'""\''"
"b'b\'b""b\\\'st2\\\'""\''","b'b\'b""b\\\'Patel\\\'""\''"
"b'b\'b""b\\\'st3\\\'""\''","b'b\'b""b\\\'John\\\'""\''"
"b'b\'b""b\\\'st8\\\'""\''","b'b\'b""b\\\'Ramesh\\\'""\''"
"b'b\'b""b\\\'st9\\\'""\''","b'b\'b""b\\\'Suresh\\\'""\''"
